rgn_id,year,trend
1,2016,0.131341692697153
2,2016,0.131341692697153
3,2016,0.131341692697153
4,2016,0.131341692697153
5,2016,0.131341692697153
6,2016,0.131341692697153
7,2016,0.131341692697153
8,2016,0.131341692697153
9,2016,0.131341692697153
