rgn_id,resilience.score
1,0.6428571429
2,0.6428571429
3,0.6428571429
4,0.6428571429
5,0.6428571429
6,0.6428571429
7,0.6428571429
8,0.6428571429
9,0.6428571429
