rgn_id,resilience.score
1,0.0579495802496
2,0.0579495802496
3,0.0579495802496
4,0.0579495802496
5,0.0579495802496
6,0.0579495802496
7,0.0579495802496
8,0.0579495802496
9,0.0579495802496
