rgn_id,year,pressure_score
1,2015,0.465277489700425
2,2015,0.465277489700425
3,2015,0.465277489700425
4,2015,0.465277489700425
5,2015,0.465277489700425
6,2015,0.465277489700425
7,2015,0.465277489700425
8,2015,0.465277489700425
9,2015,0.465277489700425
