rgn_id,area_km2
1,723406.80786
2,723406.80786
3,723406.80786
4,723406.80786
5,723406.80786
6,723406.80786
7,723406.80786
8,723406.80786
9,723406.80786
