rgn_id,pressures.score
1,0.15304815662263
2,0.15304815662263
3,0.15304815662263
4,0.15304815662263
5,0.15304815662263
6,0.15304815662263
7,0.15304815662263
8,0.15304815662263
9,0.15304815662263
