rgn_id,score
1,0.912179463592738
2,0.912179463592738
3,0.912179463592738
4,0.912179463592738
5,0.912179463592738
6,0.912179463592738
7,0.912179463592738
8,0.912179463592738
9,0.912179463592738
