rgn_id,score
1,0.910852734472527
2,0.910852734472527
3,0.910852734472527
4,0.910852734472527
5,0.910852734472527
6,0.910852734472527
7,0.910852734472527
8,0.910852734472527
9,0.910852734472527
